setting_index,train_runtime,train_samples_per_second,train_steps_per_second,total_flos,train_loss,epoch
1,2414.5076,15.148,0.237,1.6896604746389914e+17,1.36927510016448,4.0
2,2411.2241,15.169,0.237,1.6832356034543616e+17,1.390028513811685,4.0
3,2396.1891,15.264,0.239,1.674418207016878e+17,1.5718055421655828,4.0
4,2412.8423,15.159,0.237,1.6853055410326733e+17,1.4961617622342143,4.0
5,2408.2111,15.188,0.238,1.6805204905269658e+17,1.411148846983076,4.0
6,2412.2554,15.163,0.237,1.6864077155873587e+17,1.3980003787087394,4.0
7,2410.5149,15.174,0.237,1.683154956535726e+17,1.3492150936093363,4.0
8,2412.9582,15.158,0.237,1.686837832486748e+17,1.693262761289423,4.0
9,2407.9239,15.19,0.238,1.6783967883362304e+17,1.419507719420053,4.0
